2013-01-08 06:00:00.0,38.816667,38.783333,35.316667,37.183333,35.816667,35.450000,34.416667,33.983333,34.583333,37.583333,41.950000,41.566667,40.916667,36.716667,34.583333,34.650000,36.533333,37.483333,34.883333,37.183333,38.566667,36.200000,36.283333,37.116667,35.666667,35.233333,34.666667,35.766667,33.000000,34.500000,34.533333,35.700000,35.850000,36.583333,36.833333,16.950000,36.466667,37.950000,38.183333,37.716667,39.083333,36.016667,36.416667,39.250000,37.250000,37.316667,37.316667,38.433333,35.750000,36.483333,33.000000,33.666667
2013-01-08 06:05:00.0,38.116667,38.783333,36.483333,37.083333,36.733333,36.783333,33.916667,34.750000,34.466667,38.266667,43.200000,42.733333,41.150000,36.100000,36.700000,35.866667,36.316667,38.533333,35.566667,38.116667,39.166667,36.916667,37.800000,37.900000,35.200000,35.750000,34.666667,35.066667,33.283333,33.933333,33.933333,37.066667,36.400000,40.650000,37.566667,17.316667,36.333333,37.233333,41.333333,37.733333,37.000000,36.916667,37.650000,39.733333,38.700000,38.133333,37.150000,40.833333,36.616667,36.100000,33.016667,33.350000
2013-01-08 06:10:00.0,38.633333,38.783333,37.550000,37.866667,38.383333,37.250000,34.833333,34.200000,33.966667,39.033333,45.283333,42.550000,41.200000,37.766667,38.416667,36.366667,37.633333,37.700000,38.733333,38.566667,37.866667,36.950000,40.950000,37.700000,35.150000,34.850000,34.666667,35.166667,34.316667,34.050000,33.766667,37.283333,35.800000,38.016667,37.433333,17.616667,38.400000,39.816667,42.450000,38.683333,37.233333,37.266667,37.233333,40.050000,39.316667,37.700000,38.033333,39.000000,36.450000,37.633333,32.750000,34.100000
2013-01-08 06:15:00.0,38.716667,38.783333,38.333333,37.666667,38.183333,38.050000,35.983333,35.500000,33.883333,38.250000,44.433333,42.066667,42.000000,37.166667,38.400000,37.916667,38.366667,38.233333,40.683333,39.666667,38.550000,37.133333,42.166667,37.950000,35.516667,36.566667,34.666667,34.500000,34.283333,34.016667,34.783333,36.983333,35.550000,36.916667,38.300000,18.000000,39.133333,40.866667,43.933333,38.283333,40.516667,37.616667,37.566667,40.566667,40.300000,38.200000,37.766667,40.400000,37.116667,39.433333,32.966667,33.683333
2013-01-08 06:20:00.0,38.566667,38.783333,39.650000,37.866667,39.966667,39.483333,38.050000,36.700000,35.483333,38.933333,46.766667,42.050000,41.216667,43.733333,39.416667,38.633333,38.250000,38.216667,40.883333,40.016667,43.016667,36.600000,42.783333,38.316667,35.633333,34.516667,34.666667,34.066667,34.800000,34.966667,35.916667,37.033333,36.566667,36.733333,39.233333,17.850000,40.616667,39.283333,44.483333,39.650000,39.333333,38.516667,39.050000,41.166667,42.283333,39.983333,37.233333,40.533333,38.150000,38.366667,32.666667,32.750000
2013-01-08 06:25:00.0,40.016667,38.783333,39.500000,39.300000,40.700000,39.183333,38.216667,37.300000,36.166667,38.950000,46.816667,41.216667,40.550000,37.300000,38.600000,38.666667,38.550000,38.616667,39.466667,40.150000,43.250000,37.150000,41.883333,40.000000,35.883333,36.733333,34.666667,35.616667,34.650000,35.400000,36.050000,37.583333,36.883333,42.633333,39.166667,18.100000,42.466667,37.716667,45.283333,40.183333,38.633333,40.250000,38.200000,41.766667,41.450000,41.016667,35.333333,39.733333,36.616667,38.933333,32.600000,33.516667
2013-01-08 06:30:00.0,40.550000,38.783333,38.983333,40.250000,39.500000,39.100000,38.533333,37.333333,37.000000,39.433333,51.933333,40.933333,40.566667,39.933333,38.566667,38.050000,37.266667,38.966667,41.000000,41.050000,44.033333,37.683333,43.183333,39.883333,36.466667,36.733333,34.666667,35.200000,35.216667,36.600000,35.850000,38.383333,36.733333,39.066667,41.483333,18.433333,40.266667,39.166667,46.116667,41.016667,39.233333,39.883333,39.550000,42.833333,48.633333,41.633333,36.866667,39.150000,37.566667,38.966667,32.600000,33.450000
2013-01-08 06:35:00.0,40.333333,38.783333,39.983333,39.316667,41.350000,40.116667,38.900000,37.183333,37.666667,40.200000,52.750000,40.850000,40.983333,37.416667,38.116667,41.716667,38.000000,38.483333,41.316667,41.233333,43.900000,37.616667,40.400000,39.950000,37.000000,35.600000,34.666667,36.466667,35.716667,37.050000,35.633333,38.550000,38.333333,38.133333,44.050000,19.016667,40.716667,41.466667,46.766667,40.716667,38.850000,41.050000,39.983333,43.966667,46.150000,42.783333,35.533333,39.983333,39.233333,38.933333,32.533333,32.433333
2013-01-08 06:40:00.0,39.916667,38.783333,41.200000,39.450000,41.866667,40.033333,39.183333,38.283333,38.600000,38.500000,55.016667,41.000000,40.750000,38.766667,39.100000,38.700000,38.383333,38.066667,38.850000,40.483333,43.516667,37.983333,39.433333,40.350000,36.966667,36.033333,34.666667,38.366667,35.433333,36.750000,36.100000,38.566667,37.783333,39.650000,45.500000,19.950000,40.183333,41.833333,46.716667,41.083333,38.533333,42.650000,40.500000,46.533333,48.350000,40.533333,36.300000,40.700000,40.716667,39.583333,32.600000,32.816667
2013-01-08 06:45:00.0,40.933333,38.783333,41.100000,40.183333,42.050000,39.500000,40.366667,39.183333,38.750000,40.683333,47.700000,41.633333,39.933333,38.716667,38.666667,39.566667,38.150000,38.366667,40.016667,41.816667,44.583333,38.233333,41.900000,40.266667,38.250000,37.233333,34.666667,38.700000,35.816667,37.483333,36.366667,37.366667,38.200000,40.383333,49.783333,20.616667,45.166667,42.633333,49.566667,41.266667,39.183333,42.500000,41.266667,50.816667,47.783333,39.650000,35.600000,41.583333,41.466667,40.883333,32.466667,33.566667
2013-01-08 06:50:00.0,40.950000,38.783333,41.200000,39.733333,41.133333,40.316667,39.933333,39.483333,38.666667,41.466667,44.666667,42.516667,39.516667,37.983333,39.950000,39.133333,38.833333,39.233333,40.666667,42.850000,44.916667,38.600000,44.916667,39.516667,39.550000,35.933333,34.666667,39.700000,36.133333,37.983333,37.250000,38.850000,38.433333,42.150000,51.483333,21.883333,46.433333,44.066667,49.366667,42.466667,40.833333,43.033333,41.500000,49.783333,46.566667,40.416667,36.783333,43.066667,41.816667,41.783333,32.616667,33.133333
2013-01-08 06:55:00.0,40.983333,38.783333,40.916667,40.516667,42.116667,40.333333,40.450000,40.766667,38.450000,41.433333,44.816667,43.566667,40.900000,39.500000,40.016667,38.850000,39.633333,40.133333,41.833333,43.383333,45.950000,39.366667,44.466667,41.050000,40.183333,37.916667,34.666667,37.883333,36.216667,37.583333,37.250000,38.833333,40.850000,45.016667,53.000000,22.000000,50.300000,41.516667,50.450000,42.416667,42.716667,44.283333,43.433333,52.400000,49.316667,41.716667,37.800000,44.716667,42.633333,43.233333,32.750000,32.616667
2013-01-08 07:00:00.0,44.283333,38.783333,41.516667,39.416667,42.583333,42.016667,39.933333,41.333333,39.500000,41.250000,44.183333,42.783333,40.383333,42.283333,41.733333,37.566667,40.066667,41.866667,42.083333,43.516667,47.000000,39.366667,44.833333,41.616667,41.166667,37.900000,34.666667,38.666667,37.216667,37.666667,37.566667,40.466667,41.433333,46.900000,55.033333,22.100000,46.666667,42.900000,52.116667,43.483333,41.300000,44.316667,44.150000,52.683333,53.200000,43.866667,36.150000,45.550000,44.100000,42.516667,32.550000,32.683333
2013-01-08 07:05:00.0,44.550000,38.783333,41.466667,41.566667,42.366667,42.166667,41.383333,42.666667,40.683333,42.950000,43.333333,43.416667,40.233333,44.100000,43.766667,39.283333,40.283333,42.116667,42.616667,44.333333,50.550000,39.883333,44.783333,42.416667,44.183333,39.583333,34.666667,41.650000,36.700000,37.716667,37.516667,41.333333,39.366667,48.200000,53.700000,23.166667,48.266667,43.150000,54.300000,44.150000,42.166667,48.700000,44.083333,56.233333,52.016667,46.116667,36.350000,45.866667,48.316667,43.800000,32.616667,33.316667
2013-01-08 07:10:00.0,45.666667,38.783333,42.083333,42.916667,42.900000,41.950000,41.233333,41.600000,40.400000,44.316667,42.466667,44.500000,40.383333,41.100000,45.700000,39.600000,41.050000,43.400000,47.900000,47.016667,50.300000,40.383333,45.083333,43.233333,44.300000,38.333333,34.666667,40.600000,37.133333,37.650000,38.616667,42.283333,40.866667,52.833333,53.716667,23.933333,47.550000,44.550000,54.716667,44.950000,43.933333,46.883333,47.550000,55.483333,52.683333,45.916667,38.833333,46.650000,45.016667,44.233333,32.750000,32.850000
2013-01-08 07:15:00.0,45.100000,38.783333,42.566667,44.483333,45.000000,43.233333,41.816667,41.566667,40.516667,44.683333,43.866667,44.083333,40.283333,44.133333,46.416667,39.950000,41.450000,43.383333,49.966667,46.200000,52.566667,40.850000,46.683333,43.316667,46.866667,39.766667,34.666667,39.583333,37.750000,38.750000,39.333333,42.816667,40.800000,52.183333,54.016667,24.116667,52.750000,44.916667,54.666667,45.633333,41.783333,48.100000,48.483333,55.716667,52.266667,49.283333,39.000000,48.483333,45.700000,45.566667,32.283333,32.633333
2013-01-08 07:20:00.0,47.350000,38.783333,45.033333,45.033333,47.550000,44.466667,43.150000,45.950000,41.400000,45.800000,41.466667,44.833333,39.533333,44.866667,49.650000,40.700000,42.316667,44.600000,52.533333,46.500000,50.966667,40.583333,46.633333,43.433333,48.616667,39.616667,34.666667,40.716667,39.266667,39.283333,39.616667,42.383333,41.516667,48.716667,54.233333,24.383333,53.316667,45.600000,53.350000,45.166667,45.200000,47.616667,49.833333,55.316667,51.366667,45.366667,39.216667,49.000000,49.133333,45.433333,32.116667,32.633333
2013-01-08 07:25:00.0,49.133333,38.783333,45.866667,46.916667,47.883333,45.300000,43.650000,47.950000,41.766667,45.700000,43.400000,45.616667,39.750000,44.183333,50.983333,41.433333,43.800000,46.233333,53.100000,47.266667,52.966667,40.666667,44.733333,44.033333,49.233333,39.200000,34.666667,41.400000,39.050000,39.483333,40.500000,43.000000,42.283333,52.433333,51.700000,25.066667,46.233333,46.200000,54.533333,46.750000,45.833333,48.716667,53.183333,54.716667,53.750000,47.100000,37.950000,51.133333,49.233333,44.700000,31.750000,33.066667
2013-01-08 07:30:00.0,50.550000,38.783333,47.566667,49.250000,49.166667,46.083333,45.050000,49.183333,43.466667,48.433333,42.916667,44.733333,40.400000,46.650000,54.383333,40.616667,45.066667,47.616667,50.166667,47.083333,53.116667,41.050000,44.983333,44.566667,49.900000,41.216667,34.666667,36.766667,38.350000,38.666667,39.433333,45.833333,42.566667,50.850000,51.883333,24.016667,45.666667,46.683333,53.650000,48.466667,49.383333,50.050000,55.433333,57.700000,51.833333,49.866667,39.850000,51.550000,49.866667,46.983333,32.150000,33.050000
2013-01-08 07:35:00.0,50.100000,38.783333,49.666667,47.816667,50.516667,46.666667,46.716667,50.483333,44.233333,47.616667,42.233333,43.933333,40.533333,45.450000,54.100000,40.650000,42.616667,48.400000,49.733333,47.766667,54.200000,41.783333,41.350000,43.716667,51.133333,39.900000,34.666667,38.033333,39.150000,39.350000,39.900000,44.500000,42.200000,53.166667,54.616667,25.083333,46.616667,49.566667,56.466667,48.366667,49.400000,63.633333,53.133333,59.450000,53.016667,50.200000,42.416667,53.433333,49.816667,46.800000,32.233333,32.750000
2013-01-08 07:40:00.0,50.766667,38.783333,48.816667,49.700000,50.666667,45.766667,48.750000,52.466667,44.100000,50.983333,44.266667,44.166667,41.483333,46.350000,57.983333,40.816667,45.300000,48.450000,52.283333,48.116667,52.750000,41.666667,41.466667,43.450000,50.233333,38.466667,34.666667,36.966667,39.166667,38.716667,40.000000,44.533333,45.650000,51.966667,56.366667,24.416667,47.183333,49.016667,57.983333,47.816667,50.733333,53.016667,53.850000,61.583333,52.583333,52.400000,42.733333,53.616667,51.766667,48.816667,31.966667,32.283333
2013-01-08 07:45:00.0,48.800000,38.783333,48.850000,48.616667,50.483333,47.200000,49.133333,53.483333,45.550000,47.666667,43.883333,43.583333,40.883333,47.550000,60.883333,41.933333,48.166667,44.750000,55.383333,49.583333,54.450000,40.800000,41.766667,42.583333,51.850000,38.466667,34.666667,36.966667,38.766667,39.083333,39.066667,44.016667,45.466667,49.933333,58.350000,25.850000,47.283333,48.850000,58.916667,49.600000,52.666667,55.366667,55.050000,63.000000,54.283333,50.900000,43.900000,54.583333,51.583333,49.150000,32.266667,32.333333
2013-01-08 07:50:00.0,49.083333,38.683333,49.966667,48.350000,51.600000,47.983333,49.950000,53.716667,45.683333,49.233333,45.666667,43.816667,39.200000,48.383333,57.100000,43.183333,50.666667,47.616667,53.900000,49.550000,55.733333,41.350000,47.733333,41.366667,49.850000,39.033333,34.666667,36.633333,38.400000,39.050000,38.400000,44.283333,47.150000,51.183333,54.950000,25.716667,48.400000,50.766667,63.800000,51.183333,51.466667,57.066667,54.833333,63.733333,55.133333,53.200000,40.850000,54.600000,54.116667,49.533333,32.233333,32.733333
2013-01-08 07:55:00.0,48.916667,38.583333,50.200000,50.383333,53.683333,47.733333,50.716667,56.283333,44.650000,48.566667,45.433333,43.933333,39.866667,49.316667,60.016667,43.100000,50.883333,48.650000,54.550000,50.583333,54.283333,40.316667,44.833333,40.416667,48.900000,38.383333,34.666667,36.133333,38.633333,38.633333,38.166667,43.216667,47.900000,48.366667,58.333333,25.533333,47.916667,49.200000,63.216667,50.216667,52.816667,59.033333,51.883333,62.700000,50.366667,52.966667,40.366667,53.216667,54.866667,50.783333,32.550000,32.750000
2013-01-08 08:00:00.0,47.400000,49.033333,52.983333,47.233333,52.550000,47.400000,52.116667,56.400000,46.216667,50.800000,43.966667,43.233333,40.266667,50.316667,60.166667,43.700000,53.300000,49.450000,53.266667,49.716667,53.116667,39.616667,44.416667,42.083333,50.966667,37.366667,36.433333,36.583333,38.016667,38.900000,38.633333,43.200000,49.600000,48.816667,56.083333,26.416667,48.816667,48.283333,61.800000,51.066667,51.216667,64.850000,51.350000,65.983333,52.950000,50.716667,40.666667,56.083333,51.900000,52.366667,32.683333,33.016667
2013-01-08 08:05:00.0,47.650000,48.616667,52.200000,48.383333,50.133333,49.350000,53.266667,59.516667,46.066667,51.366667,43.616667,42.583333,40.333333,48.983333,58.133333,43.100000,55.816667,48.100000,54.566667,46.300000,52.933333,39.250000,41.783333,41.566667,50.216667,36.583333,39.483333,36.316667,38.200000,38.666667,39.283333,43.316667,46.733333,50.083333,55.333333,26.216667,46.383333,50.550000,61.416667,51.366667,52.500000,57.150000,52.233333,62.866667,50.533333,48.450000,44.783333,58.566667,51.950000,54.266667,33.000000,32.416667
2013-01-08 08:10:00.0,48.133333,55.866667,51.916667,46.150000,48.750000,47.500000,50.383333,58.900000,46.166667,52.250000,42.866667,42.000000,40.300000,47.966667,57.733333,42.966667,54.900000,51.200000,54.166667,46.766667,52.050000,38.750000,43.616667,40.750000,49.833333,35.933333,44.483333,36.666667,37.233333,38.066667,38.200000,42.083333,46.050000,56.166667,54.866667,25.483333,46.716667,49.100000,59.200000,49.516667,51.733333,62.100000,48.433333,62.800000,49.433333,47.516667,41.816667,56.150000,49.333333,54.266667,32.650000,32.916667
2013-01-08 08:15:00.0,48.033333,62.366667,51.033333,45.866667,47.500000,48.900000,52.866667,61.700000,47.216667,50.400000,43.116667,41.783333,40.166667,49.266667,57.950000,43.483333,50.550000,55.016667,53.333333,45.266667,50.716667,37.766667,46.050000,41.466667,49.083333,36.233333,47.350000,36.616667,38.383333,38.100000,37.333333,41.483333,46.700000,50.950000,54.650000,25.066667,46.266667,47.850000,58.533333,50.650000,52.866667,58.033333,48.566667,62.300000,48.150000,46.233333,40.616667,52.916667,51.383333,54.383333,32.033333,32.750000
2013-01-08 08:20:00.0,48.233333,58.833333,51.250000,44.733333,48.950000,48.750000,54.016667,62.666667,50.083333,47.950000,40.233333,41.450000,40.800000,48.933333,53.883333,44.300000,48.866667,55.550000,56.100000,42.566667,49.250000,39.066667,45.666667,40.716667,49.550000,35.983333,46.816667,35.866667,40.983333,38.800000,37.816667,41.483333,45.666667,48.533333,53.833333,24.750000,47.316667,47.333333,57.283333,47.733333,50.466667,55.883333,47.066667,61.566667,47.983333,45.350000,40.433333,50.733333,48.616667,53.333333,33.066667,32.516667
2013-01-08 08:25:00.0,46.433333,56.433333,51.433333,45.383333,48.266667,47.816667,54.000000,62.783333,49.700000,48.950000,38.850000,41.516667,39.766667,48.416667,58.416667,43.800000,48.316667,55.250000,52.866667,42.533333,45.583333,38.016667,44.500000,39.950000,46.783333,36.700000,46.216667,36.000000,39.333333,38.066667,38.483333,41.283333,45.466667,48.133333,53.266667,25.500000,44.133333,45.416667,57.500000,47.083333,48.766667,58.566667,45.883333,56.816667,47.716667,48.466667,39.683333,48.566667,53.150000,53.000000,32.916667,32.716667
2013-01-08 08:30:00.0,45.766667,58.650000,49.950000,41.633333,45.950000,48.433333,54.300000,60.766667,47.633333,45.533333,40.216667,41.816667,40.466667,47.633333,54.316667,44.700000,46.166667,53.683333,54.233333,46.466667,43.033333,37.133333,47.816667,40.583333,48.683333,38.783333,46.283333,36.183333,38.216667,38.100000,37.933333,40.866667,44.633333,46.900000,51.283333,23.316667,41.750000,46.150000,56.300000,46.966667,47.450000,54.333333,45.883333,58.433333,45.900000,44.716667,37.250000,49.266667,45.233333,53.550000,32.550000,32.766667
2013-01-08 08:35:00.0,43.966667,57.416667,48.716667,39.733333,46.266667,46.750000,53.183333,62.583333,46.633333,45.816667,40.700000,41.500000,40.716667,46.116667,53.166667,44.183333,45.016667,49.566667,51.916667,46.083333,40.250000,37.050000,44.683333,40.450000,46.133333,38.233333,45.233333,36.933333,36.100000,37.683333,37.833333,39.383333,43.800000,44.533333,48.716667,23.800000,40.716667,42.666667,54.550000,46.050000,48.383333,49.650000,45.316667,55.716667,46.183333,44.150000,37.883333,45.933333,44.583333,52.600000,32.383333,32.933333
2013-01-08 08:40:00.0,41.483333,58.316667,48.466667,39.233333,44.466667,46.450000,52.966667,60.483333,45.650000,44.016667,39.216667,41.533333,40.183333,45.800000,52.350000,47.400000,43.733333,49.666667,54.133333,42.433333,40.216667,36.850000,44.166667,39.750000,44.133333,37.433333,46.583333,36.866667,36.266667,37.233333,38.033333,38.400000,41.816667,41.766667,48.666667,23.566667,39.366667,42.250000,53.183333,44.583333,51.516667,45.450000,44.083333,55.266667,44.450000,41.233333,38.683333,46.966667,44.150000,51.250000,32.500000,33.066667
2013-01-08 08:45:00.0,41.050000,53.050000,46.016667,38.283333,43.366667,46.733333,49.016667,60.650000,45.650000,44.200000,38.566667,40.283333,40.333333,45.183333,52.016667,47.366667,43.266667,47.166667,43.150000,41.200000,39.566667,37.583333,44.900000,39.550000,42.533333,37.200000,46.716667,35.716667,35.983333,37.266667,38.650000,39.500000,41.466667,43.550000,46.466667,21.983333,39.166667,41.566667,52.333333,43.700000,49.766667,47.116667,44.066667,55.850000,43.233333,39.550000,38.650000,46.316667,41.900000,45.550000,32.450000,33.800000
2013-01-08 08:50:00.0,40.150000,51.883333,45.300000,37.350000,40.683333,45.116667,47.600000,57.116667,43.583333,42.066667,38.000000,40.616667,40.250000,42.783333,51.266667,44.250000,41.766667,45.250000,47.650000,40.033333,42.483333,36.666667,45.533333,39.033333,40.483333,39.266667,45.700000,34.433333,36.066667,37.616667,38.283333,38.766667,40.583333,45.016667,45.116667,20.666667,37.966667,44.150000,50.666667,42.333333,50.333333,45.516667,42.450000,53.050000,42.083333,38.083333,37.183333,47.900000,41.116667,43.766667,33.033333,32.850000
2013-01-08 08:55:00.0,42.250000,53.533333,43.783333,37.200000,39.183333,43.683333,47.733333,56.750000,43.433333,39.550000,37.333333,40.900000,39.483333,41.916667,48.683333,41.683333,41.500000,43.850000,48.966667,41.450000,41.016667,39.366667,41.750000,39.316667,39.566667,38.766667,42.950000,35.416667,36.233333,38.450000,37.533333,36.966667,39.683333,48.766667,44.733333,19.516667,38.466667,40.950000,48.050000,41.300000,45.350000,44.833333,42.283333,48.950000,40.966667,37.300000,36.633333,46.566667,39.966667,43.450000,32.683333,33.016667
2013-01-08 09:00:00.0,38.966667,50.716667,42.400000,36.566667,40.050000,41.733333,46.150000,56.983333,42.316667,40.633333,36.883333,41.383333,40.350000,41.916667,49.850000,41.166667,40.333333,42.083333,46.716667,42.666667,40.583333,40.700000,49.600000,39.400000,39.333333,38.950000,42.316667,37.216667,36.316667,39.150000,38.050000,37.850000,38.333333,52.683333,44.000000,19.200000,36.883333,42.233333,47.983333,42.066667,44.300000,42.466667,40.216667,50.100000,48.966667,36.666667,34.666667,46.850000,39.066667,41.233333,32.750000,32.916667
2013-01-08 09:05:00.0,37.416667,49.316667,42.216667,37.133333,39.083333,40.733333,45.316667,57.750000,41.583333,40.000000,37.683333,41.683333,40.066667,41.533333,46.450000,41.083333,39.633333,43.166667,46.150000,39.383333,41.633333,39.016667,46.183333,39.316667,38.816667,35.516667,43.533333,36.250000,36.983333,37.983333,38.733333,38.516667,37.500000,50.883333,42.366667,18.333333,37.033333,41.516667,45.150000,43.183333,44.483333,40.750000,40.683333,48.766667,42.550000,35.966667,34.466667,44.083333,39.916667,41.666667,32.200000,32.800000
2013-01-08 09:10:00.0,39.066667,46.800000,41.150000,37.400000,39.533333,40.216667,42.700000,55.483333,39.433333,39.483333,37.550000,41.016667,39.983333,40.150000,45.100000,40.216667,38.616667,43.983333,45.216667,42.433333,38.666667,39.783333,46.433333,39.050000,39.150000,36.966667,43.666667,37.116667,36.816667,37.800000,38.933333,38.600000,37.850000,53.666667,42.516667,17.966667,36.533333,39.900000,45.866667,42.016667,45.866667,40.816667,41.483333,47.316667,39.366667,37.133333,34.033333,44.000000,38.900000,39.316667,32.166667,33.716667
2013-01-08 09:15:00.0,40.266667,45.250000,39.150000,36.600000,39.416667,40.883333,42.233333,52.400000,38.316667,39.216667,37.750000,41.083333,40.300000,40.650000,45.300000,39.766667,39.250000,43.250000,43.733333,40.666667,38.100000,40.083333,43.116667,39.983333,38.783333,39.350000,43.683333,36.066667,36.516667,37.350000,39.216667,37.750000,37.666667,54.033333,41.983333,17.800000,36.650000,41.216667,45.200000,40.383333,47.066667,38.600000,42.850000,44.900000,37.666667,39.800000,36.866667,47.000000,37.100000,38.400000,32.366667,33.000000
2013-01-08 09:20:00.0,40.666667,43.950000,38.150000,37.416667,38.750000,39.366667,40.083333,51.283333,38.550000,39.016667,37.300000,41.016667,39.833333,41.666667,43.150000,39.733333,38.833333,43.283333,44.116667,37.666667,37.066667,40.466667,42.833333,39.266667,38.533333,37.533333,42.833333,36.133333,36.883333,37.466667,38.650000,37.816667,37.300000,56.016667,41.933333,17.633333,36.416667,39.816667,42.833333,40.100000,42.433333,38.850000,41.533333,44.833333,37.500000,38.033333,34.966667,41.516667,36.850000,38.100000,32.616667,33.750000
2013-01-08 09:25:00.0,40.500000,42.916667,38.400000,37.166667,39.350000,39.450000,39.483333,50.600000,38.100000,39.783333,37.633333,41.233333,39.533333,38.783333,42.000000,42.200000,37.783333,42.116667,43.983333,42.316667,37.150000,40.050000,43.750000,39.000000,38.316667,37.700000,41.566667,35.433333,37.016667,37.566667,37.683333,38.150000,37.350000,53.666667,40.666667,17.816667,36.100000,39.533333,44.266667,38.000000,41.933333,38.616667,42.283333,40.483333,38.216667,38.116667,38.566667,41.333333,37.566667,37.383333,32.500000,33.466667
2013-01-08 09:30:00.0,38.983333,41.816667,38.133333,37.183333,39.866667,39.516667,39.066667,50.600000,38.366667,38.466667,37.683333,41.316667,39.383333,39.133333,41.883333,42.333333,37.516667,43.100000,49.316667,40.250000,35.966667,39.233333,45.083333,38.216667,37.033333,37.433333,42.783333,35.916667,37.183333,37.516667,37.766667,38.016667,37.300000,43.683333,40.783333,17.883333,36.183333,41.166667,43.550000,37.583333,40.516667,38.583333,42.016667,40.266667,41.416667,37.366667,36.700000,40.700000,37.133333,38.283333,32.533333,32.816667
2013-01-08 09:35:00.0,39.683333,43.633333,38.583333,37.166667,38.516667,40.350000,38.600000,49.383333,37.533333,37.866667,36.733333,41.666667,39.516667,39.050000,40.433333,44.300000,37.266667,42.016667,46.266667,40.900000,35.583333,38.950000,41.300000,38.516667,37.283333,39.366667,40.750000,35.666667,40.450000,37.500000,36.283333,37.533333,40.633333,40.300000,41.783333,17.900000,35.500000,39.983333,38.650000,37.583333,40.400000,38.583333,39.916667,38.516667,44.383333,36.650000,37.716667,39.900000,37.166667,38.233333,32.883333,32.916667
2013-01-08 09:40:00.0,38.783333,43.100000,39.283333,36.616667,38.216667,38.683333,38.683333,49.716667,37.150000,38.150000,36.450000,40.333333,39.766667,38.000000,39.666667,44.683333,37.550000,43.083333,42.683333,37.166667,35.983333,39.250000,40.466667,38.016667,37.650000,37.883333,40.000000,38.716667,37.333333,38.000000,36.016667,35.600000,41.216667,38.333333,39.683333,17.800000,35.250000,38.966667,37.633333,37.300000,38.316667,38.583333,40.333333,37.450000,46.033333,40.900000,33.600000,39.933333,36.650000,36.766667,32.633333,33.250000
2013-01-08 09:45:00.0,38.266667,40.716667,38.333333,37.033333,37.266667,38.833333,38.916667,47.050000,37.633333,38.216667,36.266667,41.166667,40.083333,38.066667,38.766667,39.216667,37.033333,42.616667,38.700000,39.733333,38.350000,38.966667,41.516667,38.550000,37.550000,37.966667,39.250000,38.333333,38.183333,37.183333,36.850000,35.983333,42.733333,39.050000,43.000000,17.566667,35.183333,36.933333,37.766667,36.866667,37.700000,38.583333,37.116667,36.616667,48.000000,43.966667,39.783333,37.333333,35.966667,37.116667,32.200000,32.250000
2013-01-08 09:50:00.0,38.366667,39.683333,39.116667,36.866667,36.983333,37.716667,39.066667,46.316667,37.883333,37.383333,35.816667,41.350000,39.366667,37.700000,38.866667,38.016667,37.266667,41.050000,38.883333,40.783333,34.283333,38.933333,41.866667,38.183333,37.616667,38.100000,39.083333,36.033333,38.600000,37.500000,36.833333,35.416667,40.333333,37.933333,40.000000,17.466667,35.233333,35.300000,39.033333,36.116667,36.550000,38.583333,35.916667,36.616667,41.733333,37.850000,38.016667,38.700000,34.966667,36.483333,32.633333,33.666667
2013-01-08 09:55:00.0,38.616667,39.533333,38.733333,34.966667,36.050000,38.350000,38.416667,44.516667,36.816667,37.116667,36.133333,40.933333,39.500000,38.000000,37.533333,37.716667,36.000000,41.033333,37.350000,38.050000,33.800000,39.350000,40.883333,38.066667,37.433333,38.883333,38.800000,37.666667,39.100000,37.050000,36.500000,35.233333,38.300000,38.283333,41.516667,17.833333,35.166667,35.883333,41.083333,36.833333,36.216667,38.583333,35.666667,37.900000,41.983333,36.900000,36.066667,39.683333,37.583333,36.100000,32.066667,33.600000
2013-01-08 10:00:00.0,39.183333,40.133333,38.133333,35.266667,36.333333,38.050000,38.033333,43.383333,37.300000,37.683333,36.583333,39.666667,38.833333,37.266667,39.566667,37.750000,36.433333,41.100000,41.583333,40.066667,34.116667,38.916667,41.050000,37.650000,37.550000,38.800000,39.283333,37.266667,38.350000,36.683333,39.066667,36.133333,39.633333,37.166667,42.050000,18.366667,35.233333,35.900000,38.766667,36.500000,38.000000,38.583333,35.050000,37.950000,39.316667,36.350000,38.333333,38.383333,35.816667,35.766667,32.766667,33.100000
2013-01-08 10:05:00.0,38.000000,40.633333,37.866667,34.783333,36.416667,38.533333,38.266667,42.100000,37.333333,37.716667,36.350000,40.583333,38.400000,38.350000,37.716667,40.733333,35.850000,44.883333,36.866667,39.200000,34.566667,39.516667,44.750000,37.900000,36.800000,39.400000,39.400000,37.250000,37.883333,36.783333,36.700000,36.733333,40.316667,38.433333,38.000000,18.500000,35.050000,35.916667,39.200000,37.083333,38.766667,38.583333,36.400000,36.700000,36.733333,36.316667,34.383333,38.000000,37.133333,36.433333,32.283333,32.716667
2013-01-08 10:10:00.0,36.616667,39.633333,37.533333,34.733333,35.200000,38.350000,38.433333,39.966667,37.183333,38.416667,36.216667,41.000000,37.200000,38.516667,38.266667,39.016667,35.066667,40.733333,39.450000,38.900000,34.800000,37.266667,42.800000,37.550000,36.766667,39.216667,38.800000,37.550000,38.250000,36.483333,36.916667,36.650000,38.516667,38.283333,38.550000,17.800000,35.300000,36.500000,38.616667,37.216667,38.166667,38.583333,35.683333,37.450000,36.350000,35.433333,33.566667,38.233333,37.050000,37.983333,32.366667,33.900000
2013-01-08 10:15:00.0,35.783333,41.050000,37.650000,37.466667,35.666667,37.983333,37.683333,38.933333,35.400000,37.616667,36.700000,41.033333,39.150000,36.983333,37.350000,37.500000,36.000000,40.550000,40.750000,39.283333,34.500000,36.966667,43.083333,37.283333,37.133333,37.966667,38.616667,36.883333,36.683333,36.216667,37.183333,35.950000,40.166667,36.966667,38.750000,19.500000,39.516667,35.216667,36.516667,37.166667,39.833333,38.583333,35.783333,39.366667,40.366667,37.850000,35.350000,37.516667,36.433333,39.266667,32.483333,33.766667
2013-01-08 10:20:00.0,36.950000,39.883333,36.850000,39.000000,35.650000,37.900000,37.216667,37.750000,36.300000,36.800000,36.800000,40.050000,41.683333,38.600000,38.550000,39.650000,34.983333,39.366667,41.116667,39.283333,36.483333,37.266667,40.483333,36.850000,36.350000,37.550000,39.033333,37.116667,37.050000,36.716667,36.700000,35.316667,41.033333,37.166667,37.400000,20.266667,38.316667,35.300000,36.566667,37.350000,42.083333,38.583333,35.516667,36.016667,40.533333,38.350000,36.183333,36.816667,35.233333,37.633333,32.800000,33.933333
2013-01-08 10:25:00.0,36.500000,39.300000,37.566667,38.300000,35.000000,37.283333,37.166667,38.416667,35.716667,36.383333,36.800000,40.533333,42.866667,38.500000,38.716667,38.566667,34.633333,41.483333,38.933333,39.533333,36.666667,36.933333,41.633333,37.683333,36.416667,38.233333,38.450000,37.966667,36.566667,37.666667,37.983333,36.033333,39.216667,35.283333,42.416667,18.666667,36.333333,35.850000,43.733333,37.350000,38.416667,38.583333,35.566667,35.366667,36.083333,35.316667,34.366667,37.616667,35.466667,37.650000,32.716667,34.166667
2013-01-08 10:30:00.0,36.083333,38.416667,37.633333,37.000000,35.516667,37.016667,36.583333,38.216667,34.850000,37.050000,36.800000,38.966667,42.150000,37.000000,38.050000,41.583333,34.333333,41.233333,39.733333,36.816667,37.500000,36.933333,43.783333,37.616667,36.350000,37.883333,37.850000,36.516667,37.350000,36.650000,38.000000,35.916667,38.816667,34.250000,39.183333,21.633333,35.666667,35.800000,53.516667,36.566667,36.483333,38.616667,35.433333,40.333333,39.600000,35.116667,35.750000,37.300000,34.483333,36.600000,32.833333,33.066667
2013-01-08 10:35:00.0,36.016667,37.416667,36.883333,35.750000,35.600000,36.583333,36.650000,38.183333,34.883333,36.850000,36.800000,39.650000,40.683333,36.116667,38.083333,38.583333,34.400000,36.766667,39.650000,38.500000,36.883333,37.100000,40.116667,37.483333,36.100000,37.866667,38.616667,37.016667,37.483333,37.350000,38.183333,36.833333,36.033333,35.533333,36.916667,23.250000,36.966667,35.566667,39.416667,36.350000,36.633333,37.916667,34.866667,36.416667,37.583333,37.300000,33.800000,38.950000,34.350000,37.283333,32.583333,33.600000
2013-01-08 10:40:00.0,36.316667,37.100000,36.616667,34.766667,35.166667,35.533333,35.333333,37.733333,34.700000,37.483333,36.800000,38.883333,40.050000,34.966667,37.100000,38.333333,34.733333,37.100000,38.350000,36.333333,36.633333,36.966667,40.250000,37.483333,35.516667,38.183333,38.433333,36.416667,38.666667,37.516667,37.700000,36.533333,36.166667,35.083333,37.333333,22.533333,36.983333,35.266667,38.933333,35.800000,37.600000,35.783333,33.800000,38.416667,36.600000,36.883333,35.500000,38.850000,34.633333,37.616667,32.583333,33.316667
2013-01-08 10:45:00.0,35.416667,36.666667,36.350000,35.400000,35.166667,37.416667,35.100000,37.250000,35.516667,36.783333,36.800000,38.966667,40.466667,34.533333,36.416667,38.883333,35.150000,35.500000,37.433333,35.000000,36.900000,36.950000,41.366667,36.100000,35.566667,38.533333,37.816667,37.100000,38.216667,35.500000,36.866667,36.266667,35.733333,34.950000,39.016667,21.266667,35.866667,34.350000,39.666667,34.966667,35.833333,34.366667,34.383333,38.233333,35.316667,35.500000,37.600000,38.633333,35.016667,38.450000,32.666667,33.266667
2013-01-08 10:50:00.0,35.916667,36.983333,35.616667,35.600000,35.633333,39.400000,35.450000,37.600000,35.333333,36.200000,36.800000,38.466667,39.916667,34.350000,35.583333,39.616667,34.416667,35.700000,39.250000,36.066667,37.800000,36.616667,41.900000,36.166667,35.800000,37.483333,37.750000,37.183333,38.733333,34.683333,36.383333,36.266667,35.650000,34.200000,36.266667,20.450000,35.433333,35.883333,37.950000,33.966667,36.816667,33.266667,34.133333,37.666667,34.800000,34.400000,35.300000,38.533333,35.183333,36.966667,32.766667,33.733333
2013-01-08 10:55:00.0,36.916667,36.766667,35.383333,35.733333,34.883333,39.800000,35.350000,37.300000,34.616667,36.050000,36.800000,38.500000,39.833333,35.050000,35.783333,38.966667,35.283333,35.733333,37.116667,36.416667,37.150000,37.050000,41.000000,36.216667,36.766667,36.783333,36.650000,37.316667,38.950000,35.183333,36.550000,35.183333,35.466667,35.150000,35.600000,18.483333,35.833333,33.733333,37.533333,35.033333,35.466667,33.916667,33.616667,36.750000,36.666667,34.266667,36.983333,38.533333,36.250000,37.166667,32.566667,33.666667
2013-01-08 11:00:00.0,36.450000,37.133333,35.316667,35.766667,35.633333,41.166667,35.233333,37.100000,34.866667,34.883333,36.783333,38.933333,39.850000,35.133333,35.000000,37.066667,34.716667,35.450000,36.933333,37.066667,35.050000,37.133333,40.266667,36.316667,37.216667,37.283333,36.333333,36.050000,38.866667,34.950000,35.916667,35.716667,34.150000,36.433333,36.283333,17.850000,34.400000,34.266667,36.950000,35.450000,34.566667,33.766667,34.333333,36.466667,35.750000,34.850000,37.133333,37.800000,34.700000,38.150000,32.550000,33.333333
2013-01-08 11:05:00.0,36.050000,37.816667,35.366667,35.783333,35.283333,42.783333,35.300000,36.200000,34.866667,35.583333,35.900000,38.266667,40.116667,34.366667,34.850000,35.316667,34.450000,35.783333,37.183333,36.250000,34.200000,37.033333,38.233333,37.283333,37.916667,35.816667,36.883333,35.150000,37.250000,36.466667,35.950000,36.233333,34.116667,35.400000,36.766667,18.033333,35.216667,36.833333,36.283333,35.050000,35.483333,33.833333,34.316667,37.233333,34.016667,34.983333,35.283333,38.850000,33.283333,37.533333,32.383333,33.600000
2013-01-08 11:10:00.0,34.716667,38.266667,35.833333,35.500000,35.116667,39.816667,35.166667,36.250000,34.833333,34.350000,35.116667,38.750000,40.066667,34.233333,35.516667,39.700000,34.150000,34.233333,37.833333,35.566667,34.716667,37.150000,40.216667,36.966667,35.850000,37.083333,37.250000,37.083333,37.033333,35.216667,34.216667,35.616667,34.800000,34.366667,35.066667,18.066667,34.533333,36.066667,46.733333,35.116667,35.683333,33.966667,33.766667,35.666667,35.666667,33.250000,35.916667,33.200000,34.016667,38.033333,33.216667,32.650000
2013-01-08 11:15:00.0,35.116667,37.833333,35.550000,35.700000,34.366667,39.433333,34.716667,35.500000,35.116667,34.150000,34.850000,38.233333,38.883333,34.683333,35.966667,38.800000,34.000000,34.083333,38.066667,37.866667,36.866667,37.183333,41.350000,35.300000,35.566667,37.400000,37.533333,36.600000,36.300000,35.483333,35.483333,35.116667,34.233333,35.183333,36.683333,18.183333,34.533333,36.483333,38.533333,35.266667,35.033333,41.016667,33.500000,36.600000,33.316667,35.066667,34.883333,31.983333,33.833333,36.950000,32.700000,33.033333
2013-01-08 11:20:00.0,35.800000,36.733333,35.650000,35.150000,34.916667,39.333333,34.683333,35.350000,34.733333,34.550000,34.716667,37.833333,38.566667,34.616667,35.233333,36.550000,34.216667,34.633333,35.933333,36.233333,38.100000,36.866667,39.616667,35.833333,34.533333,36.916667,36.733333,35.333333,36.300000,35.233333,36.333333,34.950000,33.766667,34.750000,36.683333,16.766667,34.633333,37.100000,38.416667,34.983333,34.800000,34.633333,33.933333,36.933333,32.516667,34.583333,35.500000,30.600000,33.750000,36.750000,32.216667,33.516667
2013-01-08 11:25:00.0,35.833333,37.166667,35.366667,35.283333,35.500000,39.700000,34.316667,34.950000,34.783333,34.816667,35.150000,37.650000,37.383333,35.433333,35.766667,37.050000,34.566667,36.983333,36.850000,36.916667,36.816667,37.850000,40.483333,36.033333,35.033333,37.166667,34.616667,37.066667,37.066667,36.133333,36.200000,35.100000,34.750000,34.166667,35.950000,16.916667,35.550000,35.633333,37.600000,35.750000,33.783333,36.916667,33.916667,38.433333,33.816667,34.683333,36.333333,32.383333,34.700000,36.950000,32.366667,33.350000
2013-01-08 11:30:00.0,35.966667,36.983333,35.066667,36.200000,35.216667,38.166667,34.683333,35.266667,35.016667,34.266667,36.616667,37.666667,37.116667,36.450000,37.633333,36.150000,34.783333,35.433333,36.900000,36.316667,34.500000,41.750000,43.316667,36.950000,35.333333,37.450000,34.250000,37.066667,36.900000,35.316667,36.183333,34.566667,34.033333,33.766667,35.816667,16.700000,34.850000,36.016667,38.466667,34.466667,33.783333,35.133333,33.283333,43.783333,36.800000,34.566667,35.666667,30.766667,34.450000,37.216667,32.416667,33.966667
2013-01-08 11:35:00.0,35.766667,35.933333,35.600000,35.266667,35.183333,36.883333,34.550000,35.516667,34.650000,34.416667,34.166667,37.983333,37.416667,35.616667,37.533333,34.933333,34.650000,35.633333,36.283333,36.850000,36.100000,37.783333,42.033333,36.150000,36.550000,36.050000,33.516667,36.616667,39.683333,35.250000,33.716667,34.933333,34.050000,35.500000,35.583333,16.700000,34.816667,34.683333,37.133333,34.900000,34.733333,35.033333,33.583333,40.866667,35.750000,33.666667,35.550000,30.016667,33.700000,35.800000,32.600000,33.400000
2013-01-08 11:40:00.0,35.750000,36.516667,35.150000,35.216667,35.850000,36.983333,35.516667,35.750000,35.766667,33.966667,34.866667,37.383333,38.183333,34.500000,36.450000,36.216667,34.133333,37.366667,36.133333,37.866667,35.250000,36.133333,39.583333,37.200000,36.266667,35.366667,33.750000,36.500000,38.750000,36.250000,35.966667,34.333333,33.533333,36.633333,38.983333,16.700000,34.833333,35.083333,36.366667,34.333333,33.883333,34.900000,33.466667,41.733333,34.516667,33.650000,35.933333,33.916667,34.566667,36.233333,32.550000,33.783333
2013-01-08 11:45:00.0,35.600000,36.666667,35.183333,35.950000,35.800000,37.450000,35.516667,35.316667,35.883333,33.866667,36.466667,37.133333,37.966667,36.600000,36.416667,34.750000,36.166667,35.583333,38.133333,37.316667,36.333333,39.116667,39.966667,37.500000,34.583333,35.983333,33.716667,35.800000,38.583333,35.950000,35.516667,34.400000,34.566667,34.800000,38.200000,18.333333,34.833333,33.750000,36.800000,35.033333,35.066667,33.666667,34.133333,37.666667,33.666667,33.950000,34.983333,35.233333,34.566667,36.450000,32.616667,33.400000
2013-01-08 11:50:00.0,35.166667,36.916667,34.900000,35.016667,35.183333,37.150000,35.566667,35.366667,36.266667,34.400000,35.766667,38.533333,38.033333,34.750000,36.366667,34.550000,34.900000,36.416667,35.900000,37.283333,35.566667,35.833333,39.233333,37.066667,34.183333,37.100000,34.200000,36.033333,38.066667,36.833333,37.283333,34.083333,33.900000,35.816667,36.433333,16.533333,34.833333,33.683333,38.166667,34.933333,34.466667,33.933333,33.900000,37.833333,33.533333,33.950000,34.016667,35.966667,34.200000,36.066667,32.266667,33.383333
2013-01-08 11:55:00.0,36.183333,36.816667,34.233333,35.216667,35.500000,36.966667,34.933333,34.050000,36.150000,34.566667,34.550000,37.683333,38.283333,34.233333,36.416667,36.066667,34.650000,35.333333,35.816667,37.300000,36.450000,37.216667,38.666667,37.000000,34.383333,36.400000,33.883333,36.100000,38.450000,37.066667,35.233333,36.116667,34.916667,36.583333,37.000000,16.766667,34.833333,35.200000,36.983333,34.800000,35.450000,34.450000,34.200000,37.600000,34.900000,33.783333,33.916667,34.950000,35.900000,35.216667,32.566667,34.433333
2013-01-08 12:00:00.0,35.966667,36.650000,34.616667,35.183333,35.366667,36.000000,34.666667,35.016667,36.583333,36.383333,34.266667,38.200000,37.783333,35.500000,36.583333,36.083333,34.983333,35.333333,37.166667,36.816667,36.316667,35.150000,39.066667,36.616667,34.400000,36.283333,32.983333,36.833333,35.633333,36.283333,36.433333,36.516667,35.200000,33.550000,36.783333,16.966667,34.833333,33.950000,36.116667,34.350000,35.183333,34.066667,33.250000,38.533333,35.500000,34.433333,34.433333,34.700000,35.350000,34.316667,32.933333,34.416667
2013-01-08 12:05:00.0,34.916667,37.383333,35.083333,34.500000,34.950000,34.950000,35.333333,34.916667,36.383333,36.250000,35.400000,38.416667,38.783333,35.950000,36.133333,34.950000,33.933333,36.150000,37.583333,36.533333,35.933333,35.233333,37.600000,36.383333,35.450000,36.800000,33.800000,36.066667,36.766667,42.850000,36.100000,36.333333,34.200000,34.500000,36.850000,18.633333,34.833333,35.300000,34.916667,34.366667,34.950000,34.366667,33.350000,36.566667,35.550000,34.250000,33.700000,34.666667,34.516667,34.366667,33.050000,34.616667
2013-01-08 12:10:00.0,36.483333,36.650000,34.616667,34.666667,34.950000,35.033333,34.716667,34.266667,35.516667,35.800000,35.283333,37.850000,37.000000,34.433333,36.633333,35.816667,35.200000,38.416667,37.016667,38.200000,36.550000,36.833333,37.216667,37.016667,38.083333,36.516667,34.183333,35.166667,36.033333,39.883333,36.483333,35.233333,34.133333,34.216667,35.666667,18.733333,34.833333,33.916667,35.300000,35.050000,34.966667,34.066667,33.533333,37.283333,35.550000,33.833333,33.466667,34.650000,34.233333,34.650000,33.083333,35.916667
2013-01-08 12:15:00.0,35.100000,36.650000,35.416667,34.850000,35.450000,34.566667,34.816667,34.433333,34.633333,34.900000,35.566667,37.516667,36.883333,34.300000,37.800000,35.266667,34.850000,37.683333,37.233333,37.850000,36.916667,37.466667,37.116667,37.116667,36.100000,36.550000,34.200000,34.933333,37.366667,40.166667,35.883333,34.966667,34.250000,35.116667,35.500000,17.800000,34.833333,34.516667,34.483333,34.516667,33.983333,36.616667,33.766667,36.200000,35.650000,33.900000,34.283333,34.416667,33.533333,33.616667,33.216667,36.233333
2013-01-08 12:20:00.0,35.200000,37.050000,34.916667,34.716667,35.166667,33.933333,34.550000,34.000000,34.616667,35.533333,35.033333,37.983333,37.450000,36.016667,35.683333,34.116667,34.933333,36.400000,37.516667,36.383333,36.200000,36.800000,36.683333,36.983333,34.066667,34.483333,34.000000,35.000000,37.433333,36.433333,35.883333,34.033333,34.816667,35.316667,35.816667,18.683333,34.833333,35.066667,33.900000,34.350000,34.600000,37.166667,33.800000,35.333333,33.583333,33.233333,36.933333,33.916667,34.000000,34.033333,32.850000,35.516667
2013-01-08 12:25:00.0,35.850000,36.316667,35.116667,34.966667,35.650000,32.700000,35.416667,34.750000,35.133333,36.300000,35.250000,37.800000,37.516667,37.083333,35.433333,35.600000,34.266667,38.066667,37.983333,37.200000,36.116667,36.750000,35.266667,36.100000,34.050000,34.766667,34.300000,34.916667,38.183333,36.783333,35.300000,34.616667,34.966667,34.216667,35.533333,17.750000,34.833333,34.483333,34.266667,34.133333,35.166667,34.600000,33.266667,34.766667,34.200000,33.416667,36.000000,35.450000,33.833333,33.900000,32.283333,35.666667
2013-01-08 12:30:00.0,35.533333,36.850000,35.416667,34.766667,35.550000,32.966667,35.583333,34.783333,35.216667,34.766667,34.800000,37.933333,37.883333,34.516667,34.616667,35.433333,35.016667,35.500000,37.916667,37.816667,36.733333,39.283333,35.616667,35.966667,36.000000,36.950000,34.300000,34.833333,37.033333,37.016667,35.666667,34.850000,35.283333,33.733333,36.216667,17.616667,34.833333,34.283333,35.550000,34.283333,35.816667,36.383333,33.183333,35.400000,35.166667,33.500000,35.516667,34.883333,33.866667,33.900000,32.850000,35.583333
2013-01-08 12:35:00.0,35.383333,36.900000,35.266667,35.416667,34.616667,33.100000,36.016667,34.733333,34.616667,34.050000,34.983333,37.850000,37.400000,34.400000,35.800000,34.250000,34.700000,37.550000,36.816667,37.533333,35.766667,35.833333,34.800000,35.733333,36.750000,37.650000,33.183333,35.216667,37.850000,35.483333,35.083333,34.533333,35.166667,33.716667,37.300000,17.183333,35.133333,35.283333,36.150000,33.866667,34.266667,34.433333,34.566667,35.133333,34.000000,32.533333,35.766667,35.033333,33.366667,34.433333,33.150000,34.600000
2013-01-08 12:40:00.0,35.700000,36.516667,34.783333,34.850000,34.533333,34.283333,35.550000,33.900000,34.566667,34.400000,34.483333,38.366667,37.333333,34.783333,35.283333,35.650000,34.116667,35.816667,36.700000,36.616667,35.116667,40.350000,35.666667,35.666667,35.766667,36.450000,33.400000,36.533333,37.533333,35.716667,35.200000,34.150000,34.650000,34.566667,37.300000,17.750000,35.983333,35.666667,36.883333,34.966667,34.183333,35.083333,34.250000,34.716667,33.933333,32.966667,35.416667,34.716667,33.333333,34.766667,33.183333,35.233333
2013-01-08 12:45:00.0,35.566667,37.100000,35.233333,34.216667,34.316667,33.666667,36.350000,34.266667,35.033333,34.433333,34.950000,38.250000,37.466667,35.833333,34.483333,35.300000,33.733333,34.766667,36.700000,36.500000,36.300000,35.650000,33.866667,36.366667,36.033333,36.216667,33.633333,36.166667,37.550000,37.533333,35.116667,34.616667,35.216667,34.566667,35.250000,18.316667,35.400000,35.150000,35.666667,35.133333,34.383333,35.733333,34.116667,34.816667,35.333333,33.766667,35.266667,34.816667,33.416667,33.350000,33.266667,35.216667
2013-01-08 12:50:00.0,35.583333,37.566667,35.450000,34.916667,34.766667,33.533333,36.100000,33.833333,34.433333,34.350000,35.216667,37.033333,37.900000,34.966667,35.466667,35.250000,34.866667,34.916667,37.066667,34.766667,35.100000,37.416667,35.416667,35.233333,36.500000,37.183333,33.683333,36.166667,37.000000,38.783333,34.700000,34.433333,34.766667,34.700000,35.550000,18.050000,35.866667,35.500000,34.616667,34.816667,35.200000,35.433333,33.700000,34.816667,34.383333,34.616667,34.616667,35.166667,33.716667,33.883333,33.833333,35.283333
2013-01-08 12:55:00.0,35.550000,36.766667,35.033333,35.716667,35.116667,33.500000,36.116667,34.400000,34.700000,35.033333,35.383333,37.833333,38.283333,34.200000,35.200000,34.833333,34.133333,35.533333,37.500000,33.966667,36.283333,40.266667,34.983333,35.416667,39.600000,36.733333,34.566667,35.800000,37.050000,37.216667,34.650000,34.900000,34.650000,34.516667,36.166667,17.933333,36.666667,33.616667,34.383333,34.233333,34.583333,35.216667,33.616667,34.816667,34.700000,34.633333,33.766667,35.733333,34.083333,33.516667,33.100000,35.950000
2013-01-08 13:00:00.0,36.333333,37.433333,35.583333,35.016667,34.533333,33.166667,35.533333,35.266667,34.500000,34.783333,35.233333,37.466667,37.866667,34.200000,35.600000,33.133333,37.233333,35.700000,37.383333,36.183333,35.216667,35.716667,34.583333,36.483333,38.516667,36.300000,34.416667,36.033333,36.883333,36.316667,34.866667,34.433333,35.000000,34.950000,37.866667,17.900000,36.233333,34.733333,34.416667,34.783333,34.183333,33.883333,33.600000,34.816667,36.283333,34.466667,34.300000,34.950000,34.233333,34.333333,33.366667,36.083333
2013-01-08 13:05:00.0,35.933333,37.383333,35.333333,35.166667,34.133333,33.100000,35.100000,34.950000,34.900000,34.133333,34.833333,38.550000,37.633333,36.500000,34.850000,33.383333,36.383333,36.116667,38.050000,35.050000,36.000000,37.483333,36.300000,35.900000,36.300000,36.466667,33.700000,36.000000,36.433333,38.166667,36.633333,34.333333,35.616667,35.133333,36.583333,18.566667,35.950000,34.050000,34.050000,34.700000,34.866667,32.966667,34.333333,34.816667,35.400000,34.416667,35.566667,34.166667,34.316667,34.466667,32.433333,37.000000
2013-01-08 13:10:00.0,35.216667,37.050000,35.133333,35.333333,35.216667,33.833333,35.766667,34.500000,35.316667,34.666667,34.833333,37.800000,37.366667,35.833333,33.950000,35.450000,35.450000,35.716667,37.033333,36.083333,35.033333,39.216667,36.050000,35.366667,35.000000,36.633333,33.733333,36.750000,37.533333,37.233333,35.466667,34.716667,35.116667,34.083333,36.016667,17.566667,36.850000,35.133333,33.833333,34.200000,34.783333,36.333333,33.800000,34.966667,34.166667,34.566667,37.566667,34.316667,34.566667,34.466667,34.100000,36.266667
2013-01-08 13:15:00.0,34.950000,36.350000,36.016667,35.033333,35.250000,34.116667,35.183333,34.383333,34.866667,35.083333,34.833333,37.350000,37.483333,35.000000,35.566667,36.533333,33.850000,36.016667,35.983333,33.633333,35.600000,38.400000,37.066667,38.166667,34.566667,36.383333,33.883333,36.700000,37.366667,36.016667,36.033333,34.416667,36.283333,33.550000,36.666667,17.550000,35.616667,34.950000,34.333333,35.183333,34.333333,34.033333,33.916667,35.100000,36.300000,35.950000,38.966667,34.250000,34.983333,34.416667,32.533333,35.950000
2013-01-08 13:20:00.0,35.283333,37.783333,34.883333,35.016667,35.316667,34.583333,34.816667,35.016667,34.750000,34.866667,34.833333,36.950000,38.400000,35.516667,36.300000,35.183333,34.000000,36.166667,36.533333,34.933333,34.750000,40.800000,37.050000,35.716667,35.983333,36.200000,33.733333,37.000000,36.833333,36.700000,37.100000,33.650000,36.316667,34.250000,36.216667,18.333333,35.550000,34.350000,34.583333,34.666667,34.900000,33.483333,33.566667,35.550000,34.983333,33.916667,37.100000,34.866667,34.100000,33.600000,32.450000,34.250000
2013-01-08 13:25:00.0,35.000000,37.333333,35.333333,35.116667,35.500000,34.883333,35.033333,34.916667,34.816667,34.833333,34.833333,37.050000,38.716667,35.450000,38.450000,34.633333,35.600000,34.916667,36.766667,36.550000,34.850000,36.483333,35.933333,35.266667,37.466667,35.466667,34.050000,36.550000,35.550000,37.833333,36.683333,34.400000,35.433333,33.666667,36.416667,17.400000,33.933333,34.683333,34.400000,35.150000,35.016667,35.683333,33.483333,34.950000,34.100000,34.616667,39.583333,35.650000,32.983333,34.233333,32.533333,33.666667
2013-01-08 13:30:00.0,35.400000,37.216667,35.116667,35.016667,34.933333,34.733333,35.450000,35.050000,35.350000,34.283333,34.833333,37.466667,37.966667,35.800000,40.383333,35.500000,35.666667,35.933333,37.233333,36.150000,35.250000,37.050000,34.883333,34.966667,37.133333,34.850000,34.350000,35.550000,35.583333,39.366667,36.133333,34.366667,35.983333,34.166667,37.166667,17.133333,34.783333,34.783333,33.833333,34.950000,35.016667,35.633333,33.450000,35.316667,33.450000,35.133333,37.000000,34.650000,32.450000,35.083333,32.683333,33.550000
2013-01-08 13:35:00.0,36.000000,37.450000,35.366667,35.216667,34.383333,34.400000,35.866667,34.350000,34.683333,34.766667,34.833333,38.700000,36.983333,36.183333,35.266667,35.100000,35.383333,35.433333,37.633333,37.183333,34.466667,35.716667,36.650000,34.366667,36.783333,35.866667,32.966667,35.600000,36.933333,38.050000,35.466667,33.933333,36.050000,34.700000,37.283333,18.700000,35.150000,33.833333,34.133333,33.633333,33.316667,35.333333,33.533333,34.416667,35.566667,33.466667,37.600000,34.666667,33.766667,34.116667,32.433333,33.033333
2013-01-08 13:40:00.0,35.583333,36.333333,34.916667,35.116667,35.766667,34.283333,35.883333,34.416667,34.600000,34.950000,34.833333,38.000000,36.933333,37.566667,39.400000,34.850000,34.033333,34.766667,37.300000,36.450000,36.650000,36.850000,38.483333,34.716667,37.750000,35.666667,34.266667,36.450000,39.700000,37.266667,34.550000,34.000000,34.683333,34.416667,36.750000,17.350000,35.450000,35.283333,34.766667,34.116667,34.200000,36.116667,33.266667,34.383333,34.833333,33.516667,36.733333,34.650000,33.466667,34.366667,33.300000,33.433333
2013-01-08 13:45:00.0,34.750000,36.766667,35.350000,35.633333,35.050000,34.550000,35.716667,35.000000,34.700000,34.750000,34.833333,38.716667,37.183333,35.600000,38.516667,34.700000,34.550000,33.500000,36.583333,35.300000,35.950000,37.800000,39.383333,36.250000,37.466667,35.950000,34.083333,36.550000,37.933333,37.900000,35.283333,34.383333,36.766667,33.633333,36.583333,17.316667,34.166667,34.016667,34.050000,33.983333,35.150000,34.800000,33.383333,36.416667,36.400000,33.316667,37.866667,35.216667,33.816667,33.766667,33.800000,33.383333
2013-01-08 13:50:00.0,35.216667,36.316667,35.733333,35.583333,35.866667,33.983333,36.166667,34.566667,34.183333,34.633333,34.833333,37.583333,37.450000,34.300000,34.500000,36.150000,35.316667,34.283333,38.050000,36.266667,36.016667,37.250000,37.533333,34.750000,37.516667,36.183333,33.566667,35.966667,35.800000,35.833333,39.983333,34.700000,36.666667,32.866667,36.500000,18.483333,35.533333,33.516667,34.516667,35.883333,34.933333,34.616667,33.983333,35.400000,35.550000,32.883333,38.000000,35.316667,33.366667,33.483333,33.966667,33.750000
2013-01-08 13:55:00.0,35.166667,37.000000,35.016667,34.783333,35.700000,34.466667,36.600000,34.533333,34.500000,34.316667,34.833333,37.950000,37.283333,35.383333,34.566667,34.433333,34.833333,37.383333,37.233333,36.983333,35.450000,38.216667,38.000000,34.950000,37.550000,37.383333,33.833333,36.533333,37.133333,35.800000,38.950000,35.116667,35.800000,34.816667,36.133333,17.450000,34.033333,35.000000,32.900000,37.566667,33.933333,34.583333,33.700000,36.183333,35.166667,33.683333,36.666667,35.316667,34.716667,34.233333,34.300000,33.066667
2013-01-08 14:00:00.0,35.750000,37.433333,35.116667,35.100000,35.483333,33.783333,37.066667,34.283333,35.233333,34.683333,34.833333,38.016667,38.033333,36.200000,35.183333,35.666667,34.566667,36.566667,36.983333,36.400000,35.183333,38.350000,36.266667,35.100000,38.416667,38.016667,34.050000,36.800000,37.783333,36.383333,41.250000,34.750000,37.083333,34.866667,36.883333,17.750000,35.733333,34.266667,34.066667,37.183333,35.133333,34.950000,33.916667,34.633333,35.733333,33.716667,39.816667,36.066667,34.450000,34.900000,33.883333,33.533333
2013-01-08 14:05:00.0,35.216667,36.783333,34.783333,35.266667,35.350000,33.716667,37.216667,35.083333,34.833333,35.100000,34.833333,38.083333,37.283333,36.100000,36.866667,36.500000,37.400000,35.500000,36.816667,37.350000,35.433333,37.433333,41.733333,34.550000,38.333333,39.400000,33.900000,35.550000,36.000000,36.866667,41.116667,33.950000,35.516667,34.833333,36.500000,18.866667,33.766667,34.216667,34.750000,35.816667,34.233333,34.533333,33.266667,35.650000,33.916667,35.116667,36.833333,34.983333,33.866667,35.350000,34.516667,33.600000
2013-01-08 14:10:00.0,35.533333,36.450000,34.383333,35.166667,34.783333,34.066667,36.683333,34.733333,34.583333,35.383333,34.833333,37.966667,37.383333,35.700000,35.716667,34.766667,36.050000,36.883333,36.966667,36.133333,35.533333,41.516667,41.300000,35.350000,36.383333,39.400000,33.950000,35.383333,38.700000,37.483333,36.816667,34.466667,36.516667,35.516667,35.900000,17.833333,36.116667,34.683333,36.850000,36.833333,35.066667,34.616667,33.383333,35.833333,33.966667,42.333333,39.850000,35.416667,34.983333,35.550000,34.533333,33.200000
2013-01-08 14:15:00.0,35.250000,37.233333,34.816667,35.083333,34.716667,34.083333,35.966667,35.100000,34.900000,34.566667,34.833333,37.450000,37.700000,35.283333,35.166667,35.183333,35.500000,35.383333,37.283333,35.533333,35.800000,40.050000,36.366667,36.216667,36.566667,37.483333,34.400000,35.366667,38.816667,38.050000,36.583333,34.433333,36.216667,34.083333,36.633333,18.733333,35.266667,35.116667,37.733333,35.166667,34.616667,34.000000,33.050000,35.066667,34.616667,36.833333,38.916667,34.300000,33.966667,34.766667,34.300000,34.616667
2013-01-08 14:20:00.0,35.166667,38.916667,34.583333,34.550000,34.933333,34.583333,35.933333,35.700000,35.300000,35.066667,34.833333,37.933333,37.700000,36.150000,34.283333,35.500000,36.783333,35.700000,36.833333,36.200000,35.316667,38.666667,37.750000,36.400000,36.750000,36.866667,34.016667,36.450000,37.016667,39.516667,37.500000,34.800000,35.383333,33.716667,36.766667,17.066667,37.500000,34.116667,36.900000,36.550000,37.050000,35.783333,33.066667,34.800000,34.566667,41.366667,40.366667,34.433333,34.583333,35.583333,35.216667,33.366667
2013-01-08 14:25:00.0,34.933333,40.833333,34.400000,35.000000,35.166667,34.250000,35.850000,35.033333,35.016667,35.550000,34.833333,37.300000,37.716667,35.833333,36.800000,35.116667,35.966667,35.633333,36.616667,35.483333,34.983333,41.200000,37.016667,35.583333,37.616667,37.550000,33.966667,36.500000,37.850000,37.066667,36.750000,34.816667,35.933333,33.833333,36.666667,17.150000,37.416667,34.750000,36.166667,36.583333,38.950000,36.816667,32.683333,34.550000,34.183333,36.233333,37.716667,34.883333,34.350000,35.150000,35.066667,34.416667
2013-01-08 14:30:00.0,35.700000,41.300000,35.100000,34.850000,34.533333,34.666667,34.650000,35.966667,35.283333,35.050000,34.833333,37.450000,38.150000,35.516667,35.166667,37.950000,35.366667,35.300000,37.200000,36.600000,36.050000,37.883333,38.850000,36.616667,37.350000,38.016667,34.500000,37.233333,38.000000,37.616667,36.750000,34.850000,37.566667,33.550000,35.383333,16.650000,36.150000,35.450000,35.800000,34.600000,36.833333,33.950000,33.000000,34.916667,33.250000,44.600000,37.000000,33.983333,34.050000,35.433333,35.450000,34.066667
2013-01-08 14:35:00.0,34.733333,41.700000,35.500000,34.500000,34.150000,33.766667,34.683333,35.416667,35.183333,35.416667,34.833333,37.383333,37.900000,36.433333,34.216667,36.783333,35.416667,36.466667,37.116667,35.900000,36.533333,38.116667,37.150000,36.216667,35.666667,37.733333,33.983333,35.750000,37.950000,43.400000,36.450000,34.700000,36.233333,33.233333,35.233333,16.916667,37.416667,34.800000,34.466667,35.350000,35.033333,32.816667,33.316667,34.650000,34.100000,35.466667,37.650000,34.233333,33.716667,34.850000,34.700000,34.416667
2013-01-08 14:40:00.0,35.200000,40.133333,35.183333,34.800000,34.683333,34.066667,34.616667,34.933333,35.266667,35.016667,34.833333,37.566667,38.050000,35.500000,37.383333,40.666667,33.966667,34.866667,36.833333,35.383333,34.666667,38.233333,37.250000,35.900000,35.616667,37.416667,33.633333,36.166667,37.066667,42.250000,36.250000,34.383333,36.216667,33.283333,36.700000,17.066667,36.716667,34.666667,34.150000,35.383333,35.516667,32.683333,33.700000,34.383333,33.200000,33.950000,35.333333,34.716667,34.150000,36.000000,34.416667,35.016667
2013-01-08 14:45:00.0,34.766667,39.266667,34.900000,34.316667,34.600000,34.033333,34.816667,34.583333,34.516667,34.350000,34.833333,39.633333,38.533333,35.600000,34.166667,40.100000,35.183333,34.783333,36.216667,34.833333,35.116667,36.266667,37.250000,36.100000,38.283333,37.866667,33.500000,37.666667,39.883333,41.466667,37.200000,35.400000,35.466667,33.283333,35.233333,17.016667,36.433333,34.300000,34.916667,35.916667,35.250000,35.533333,33.283333,34.800000,36.250000,33.250000,35.800000,35.016667,33.200000,34.683333,34.733333,35.483333
2013-01-08 14:50:00.0,35.716667,39.533333,34.900000,34.433333,34.516667,33.950000,35.650000,34.733333,34.833333,34.800000,34.833333,40.800000,37.966667,35.066667,36.150000,37.600000,34.450000,35.466667,37.533333,35.500000,36.933333,36.166667,38.983333,35.450000,38.433333,37.716667,33.266667,36.150000,39.100000,40.800000,37.000000,35.350000,36.850000,33.283333,37.316667,17.800000,36.083333,35.350000,34.283333,35.516667,33.950000,33.800000,32.783333,35.883333,36.150000,33.750000,34.466667,34.300000,34.016667,35.000000,34.283333,35.316667
2013-01-08 14:55:00.0,35.650000,39.466667,35.200000,34.550000,34.466667,34.166667,35.766667,34.666667,34.583333,34.750000,34.833333,42.316667,37.750000,34.633333,37.500000,37.616667,36.550000,35.833333,37.550000,37.283333,36.100000,37.283333,39.350000,36.116667,36.550000,37.150000,33.650000,35.700000,42.333333,39.416667,36.350000,34.616667,37.550000,33.283333,37.416667,17.966667,34.500000,35.316667,35.016667,33.783333,34.733333,34.683333,33.333333,34.883333,35.183333,33.450000,35.200000,34.366667,34.516667,35.650000,33.633333,34.800000
2013-01-08 15:00:00.0,36.083333,38.016667,35.416667,34.833333,34.383333,34.166667,35.533333,34.966667,34.383333,34.266667,34.833333,40.633333,38.866667,35.533333,37.366667,37.333333,37.250000,34.316667,36.833333,35.616667,35.150000,38.083333,37.466667,36.583333,35.750000,36.883333,34.066667,36.300000,39.116667,41.166667,35.583333,35.483333,37.683333,33.283333,38.050000,17.650000,36.750000,36.066667,34.733333,33.166667,35.433333,35.266667,33.900000,35.800000,34.916667,34.100000,34.366667,34.666667,34.250000,35.866667,33.883333,34.250000
2013-01-08 15:05:00.0,35.383333,38.616667,35.150000,35.266667,34.766667,33.916667,35.600000,33.983333,34.900000,34.200000,34.833333,38.133333,37.950000,35.633333,34.616667,34.733333,36.016667,34.433333,37.833333,37.166667,38.433333,36.716667,37.733333,36.616667,37.066667,38.183333,34.500000,37.000000,43.566667,42.216667,36.516667,36.316667,37.400000,33.283333,36.983333,17.966667,36.966667,37.783333,34.250000,36.533333,35.816667,35.416667,34.866667,36.400000,34.800000,34.116667,33.766667,35.133333,34.083333,35.066667,34.283333,34.050000
2013-01-08 15:10:00.0,35.250000,38.616667,34.983333,34.933333,35.066667,34.233333,34.350000,33.983333,34.666667,34.533333,34.833333,37.766667,37.916667,36.583333,36.000000,34.000000,36.416667,35.016667,39.483333,37.250000,37.233333,37.433333,37.916667,36.566667,35.766667,37.183333,34.933333,37.066667,41.283333,41.100000,35.600000,34.866667,35.783333,33.283333,36.166667,17.750000,36.583333,37.250000,34.950000,34.133333,35.050000,35.516667,34.466667,35.033333,35.083333,33.600000,34.400000,35.083333,34.700000,35.033333,33.900000,33.100000
2013-01-08 15:15:00.0,35.266667,39.350000,35.016667,34.533333,34.533333,34.916667,34.400000,33.383333,34.050000,35.066667,34.833333,38.666667,37.816667,35.183333,34.750000,37.266667,36.133333,34.450000,37.783333,35.916667,38.566667,37.466667,37.800000,38.850000,34.816667,36.833333,34.400000,37.133333,37.950000,40.566667,36.983333,34.066667,37.333333,33.283333,35.733333,18.033333,36.166667,34.633333,35.050000,35.116667,35.283333,35.266667,35.733333,35.683333,34.683333,33.683333,36.700000,35.033333,34.383333,36.433333,33.216667,33.900000
2013-01-08 15:20:00.0,35.833333,39.366667,34.700000,34.266667,34.716667,34.300000,35.250000,33.816667,34.666667,34.883333,34.833333,38.016667,37.316667,35.916667,34.100000,37.433333,35.316667,35.316667,37.350000,35.816667,38.233333,39.950000,39.733333,37.866667,35.466667,37.016667,33.983333,39.166667,39.916667,39.750000,36.933333,36.033333,39.200000,33.283333,36.300000,18.866667,39.750000,35.883333,34.466667,35.966667,35.533333,34.666667,37.016667,36.883333,34.616667,34.133333,36.833333,36.866667,35.216667,36.500000,33.983333,33.950000
2013-01-08 15:25:00.0,35.233333,38.916667,35.416667,34.883333,34.383333,34.000000,35.600000,33.950000,34.983333,34.450000,34.833333,37.750000,38.283333,36.750000,40.033333,38.566667,37.300000,34.483333,37.066667,36.750000,38.100000,40.516667,38.100000,36.866667,38.416667,37.150000,34.216667,38.716667,39.366667,37.966667,39.583333,35.783333,37.150000,33.283333,36.916667,18.700000,39.933333,38.100000,34.933333,38.133333,34.483333,35.583333,37.333333,38.433333,33.533333,33.816667,35.183333,36.400000,35.466667,36.600000,33.200000,33.200000
2013-01-08 15:30:00.0,35.650000,37.450000,35.250000,34.800000,34.933333,33.800000,35.683333,35.216667,35.000000,35.266667,34.833333,37.466667,38.016667,37.583333,39.050000,38.533333,36.550000,35.116667,37.416667,37.650000,38.366667,39.200000,37.416667,38.900000,36.933333,37.083333,34.450000,39.966667,40.400000,38.300000,38.633333,37.333333,39.216667,33.283333,35.683333,18.016667,40.366667,38.533333,36.650000,37.550000,36.116667,33.916667,36.933333,36.183333,33.666667,38.050000,35.866667,37.300000,36.066667,35.916667,33.200000,33.083333
2013-01-08 15:35:00.0,35.866667,36.533333,34.516667,34.583333,34.850000,34.083333,35.183333,34.900000,33.950000,34.633333,34.833333,37.466667,37.850000,39.066667,38.083333,36.933333,35.500000,35.450000,35.516667,36.066667,36.300000,35.983333,37.416667,37.550000,36.616667,36.766667,35.116667,39.766667,40.983333,38.033333,37.466667,34.916667,36.966667,33.283333,36.633333,17.500000,38.283333,37.133333,35.466667,36.733333,35.716667,36.300000,36.666667,37.150000,33.116667,37.183333,36.083333,39.400000,36.483333,36.066667,33.000000,32.750000
2013-01-08 15:40:00.0,37.883333,36.466667,34.916667,34.533333,34.683333,34.183333,34.416667,34.533333,34.266667,34.533333,34.833333,37.450000,38.016667,38.400000,38.083333,37.866667,38.566667,34.583333,38.150000,34.616667,37.416667,38.066667,36.783333,38.883333,37.016667,39.066667,34.650000,39.033333,38.650000,40.916667,38.516667,35.100000,38.283333,33.283333,38.683333,17.616667,38.416667,36.283333,33.150000,35.516667,36.116667,34.316667,36.450000,36.233333,34.366667,35.450000,36.366667,35.716667,36.700000,37.783333,33.216667,32.583333
2013-01-08 15:45:00.0,36.883333,36.583333,34.933333,33.750000,34.983333,34.266667,33.883333,34.716667,34.416667,34.466667,35.250000,37.750000,38.483333,37.716667,38.300000,38.150000,37.216667,34.700000,35.800000,34.750000,35.766667,38.050000,36.933333,38.666667,36.850000,38.100000,34.400000,40.083333,38.883333,39.033333,35.733333,35.366667,35.933333,33.283333,39.566667,18.683333,37.133333,37.466667,33.416667,34.733333,35.016667,34.200000,37.183333,35.150000,34.900000,34.350000,36.750000,36.700000,37.066667,38.466667,33.516667,33.450000
2013-01-08 15:50:00.0,37.233333,38.100000,34.916667,34.083333,34.850000,36.183333,34.583333,34.700000,34.283333,33.833333,35.383333,37.533333,37.150000,37.250000,38.516667,37.016667,36.133333,33.750000,37.666667,34.483333,36.700000,40.033333,38.333333,37.300000,36.766667,36.500000,33.833333,40.216667,40.316667,39.633333,35.950000,36.466667,37.150000,33.283333,38.050000,18.400000,40.083333,36.883333,34.966667,35.900000,35.533333,34.216667,38.316667,36.250000,36.866667,37.900000,37.316667,36.850000,39.333333,39.116667,33.600000,33.616667
2013-01-08 15:55:00.0,37.350000,38.166667,34.366667,35.166667,34.300000,34.200000,34.333333,34.583333,34.400000,33.566667,35.433333,38.033333,37.516667,36.866667,37.750000,35.266667,34.533333,34.700000,36.566667,35.766667,35.783333,39.183333,36.900000,37.100000,36.950000,35.433333,34.250000,38.783333,39.566667,38.933333,36.383333,38.633333,36.600000,33.616667,37.933333,19.683333,38.200000,38.133333,34.116667,35.333333,33.966667,35.400000,38.366667,36.700000,37.266667,41.183333,38.583333,36.566667,41.233333,39.716667,33.300000,34.100000
2013-01-08 16:00:00.0,37.433333,39.683333,35.133333,36.683333,34.600000,33.433333,34.466667,35.166667,35.950000,33.783333,36.100000,38.400000,37.900000,36.466667,38.333333,34.633333,35.416667,35.566667,36.733333,34.400000,36.783333,37.316667,40.116667,40.633333,35.850000,35.116667,34.383333,38.633333,40.716667,38.466667,35.566667,37.550000,37.116667,36.166667,39.666667,20.116667,38.700000,36.400000,34.150000,35.383333,34.833333,34.350000,38.883333,39.550000,37.483333,39.250000,40.583333,35.400000,45.450000,39.516667,33.500000,33.516667
2013-01-08 16:05:00.0,37.050000,39.916667,35.383333,36.750000,34.633333,34.366667,34.350000,34.250000,36.300000,33.933333,35.216667,38.033333,37.783333,37.833333,37.050000,36.983333,34.766667,33.700000,38.233333,35.100000,36.916667,37.116667,39.166667,38.116667,35.650000,36.483333,34.716667,37.616667,38.650000,39.150000,36.766667,36.266667,38.766667,35.883333,38.400000,20.233333,39.500000,37.783333,40.366667,35.400000,34.733333,35.433333,37.633333,38.916667,37.883333,39.883333,38.716667,36.933333,46.983333,40.116667,34.133333,34.366667
2013-01-08 16:10:00.0,37.850000,40.016667,35.516667,34.883333,34.083333,34.333333,33.916667,34.483333,36.533333,33.900000,34.716667,37.233333,37.633333,36.933333,35.983333,37.233333,35.716667,35.183333,38.116667,34.833333,35.966667,36.300000,37.700000,38.533333,35.966667,37.533333,35.216667,37.900000,38.000000,39.033333,35.450000,35.700000,36.783333,37.050000,37.350000,21.600000,39.200000,38.150000,36.700000,38.950000,34.950000,36.100000,36.633333,39.733333,38.200000,41.450000,40.466667,40.516667,49.116667,40.983333,35.400000,35.933333
2013-01-08 16:15:00.0,37.566667,39.800000,34.800000,34.283333,34.766667,36.050000,34.350000,34.400000,35.900000,34.633333,34.716667,37.116667,37.016667,38.233333,36.600000,35.083333,36.450000,34.366667,37.400000,34.066667,36.183333,41.266667,37.266667,41.266667,37.950000,36.566667,34.733333,39.066667,38.400000,39.016667,34.900000,36.500000,37.183333,40.066667,37.533333,21.283333,40.866667,37.100000,39.283333,37.600000,34.933333,35.850000,37.983333,39.166667,38.033333,36.616667,46.300000,39.250000,48.916667,40.716667,35.233333,34.933333
2013-01-08 16:20:00.0,36.833333,39.666667,36.500000,34.466667,34.183333,35.616667,33.883333,35.250000,33.850000,34.600000,34.400000,37.416667,37.433333,38.466667,36.700000,36.200000,35.616667,35.750000,37.733333,34.666667,35.433333,38.516667,38.916667,37.766667,36.416667,36.083333,34.700000,39.816667,39.266667,40.750000,35.600000,35.466667,37.666667,38.650000,37.416667,22.516667,40.850000,37.250000,44.966667,35.850000,35.750000,35.833333,38.916667,38.900000,37.233333,35.483333,43.866667,38.333333,48.500000,40.200000,33.966667,33.150000
2013-01-08 16:25:00.0,37.216667,40.033333,36.483333,34.850000,34.416667,36.050000,33.683333,36.600000,33.816667,34.600000,35.566667,37.383333,37.266667,38.800000,35.766667,36.250000,33.833333,33.383333,36.366667,35.383333,35.700000,37.166667,39.883333,38.100000,36.533333,36.433333,34.483333,39.600000,40.050000,40.700000,34.966667,36.133333,37.933333,38.533333,37.600000,22.683333,39.850000,38.616667,37.450000,34.650000,35.100000,35.800000,37.133333,37.650000,36.400000,38.583333,44.033333,40.816667,45.933333,43.316667,33.550000,33.283333
2013-01-08 16:30:00.0,37.250000,42.450000,36.100000,35.933333,34.250000,36.566667,33.833333,36.950000,33.966667,34.516667,35.616667,36.883333,36.400000,37.550000,34.500000,36.500000,34.566667,34.816667,36.166667,35.616667,34.983333,38.083333,41.333333,39.183333,35.933333,36.933333,34.600000,39.366667,41.100000,38.566667,36.033333,35.916667,36.966667,37.366667,37.200000,23.650000,38.050000,37.083333,42.166667,36.516667,35.450000,36.166667,36.566667,38.616667,36.366667,38.766667,42.583333,41.400000,45.233333,40.733333,33.433333,32.766667
2013-01-08 16:35:00.0,37.300000,41.883333,36.850000,35.666667,34.066667,36.316667,33.916667,37.250000,34.000000,36.833333,35.900000,37.100000,37.000000,38.866667,37.850000,33.966667,37.000000,34.083333,36.833333,35.566667,35.733333,35.633333,37.550000,39.216667,35.483333,36.533333,34.233333,38.266667,39.783333,41.733333,35.150000,35.666667,35.016667,36.766667,39.550000,23.516667,38.500000,35.933333,38.583333,34.716667,36.350000,38.350000,37.400000,39.900000,36.283333,37.966667,43.000000,42.233333,42.033333,40.633333,33.500000,32.333333
2013-01-08 16:40:00.0,37.950000,40.816667,37.283333,36.483333,34.283333,36.250000,34.150000,36.266667,34.433333,36.016667,35.666667,36.800000,37.333333,37.733333,34.800000,34.383333,35.316667,34.266667,34.900000,37.000000,35.166667,34.566667,35.850000,40.300000,36.583333,38.933333,34.633333,37.466667,38.733333,41.750000,36.233333,37.016667,35.900000,36.133333,37.400000,23.266667,38.433333,35.500000,35.766667,37.150000,37.383333,36.383333,37.966667,39.116667,36.816667,38.616667,42.700000,39.216667,43.433333,39.183333,33.400000,32.233333
2013-01-08 16:45:00.0,37.950000,42.916667,37.216667,36.266667,34.366667,36.150000,34.700000,35.550000,34.183333,35.133333,34.583333,37.516667,37.550000,36.450000,38.000000,32.883333,34.983333,34.983333,36.800000,37.066667,34.650000,33.783333,37.200000,39.700000,37.083333,36.766667,34.600000,39.333333,38.383333,40.333333,35.750000,36.933333,36.600000,35.150000,37.100000,22.950000,37.033333,35.983333,34.650000,37.083333,35.116667,35.600000,38.583333,37.183333,36.333333,37.016667,44.333333,41.166667,43.716667,41.000000,33.133333,32.716667
2013-01-08 16:50:00.0,37.416667,39.950000,37.100000,37.050000,33.633333,35.866667,34.200000,35.766667,33.883333,34.450000,34.333333,37.066667,37.100000,37.033333,37.083333,33.166667,33.750000,33.833333,36.183333,33.716667,36.100000,33.933333,36.133333,42.150000,35.550000,36.766667,35.116667,38.683333,40.483333,39.883333,39.066667,37.450000,37.583333,36.400000,36.583333,22.533333,38.216667,36.966667,34.883333,36.733333,36.616667,36.600000,38.983333,37.850000,36.650000,36.533333,50.883333,47.283333,43.933333,44.300000,32.583333,33.166667
2013-01-08 16:55:00.0,37.050000,40.600000,37.383333,37.383333,33.950000,36.166667,33.933333,35.900000,33.466667,33.316667,33.916667,36.766667,37.066667,37.983333,35.833333,34.666667,35.116667,34.116667,37.916667,32.800000,35.933333,33.816667,38.200000,42.183333,39.433333,36.533333,34.700000,37.616667,41.233333,40.383333,38.516667,38.016667,36.916667,35.216667,37.783333,21.816667,40.150000,36.983333,35.550000,36.150000,36.383333,37.283333,37.933333,38.166667,36.716667,37.733333,51.850000,46.233333,47.583333,42.916667,32.000000,32.633333
2013-01-08 17:00:00.0,37.333333,40.650000,37.383333,37.033333,33.900000,36.033333,33.716667,36.150000,33.983333,33.733333,34.183333,37.483333,36.700000,37.300000,36.683333,35.183333,35.766667,33.933333,36.283333,34.033333,34.450000,35.550000,37.866667,43.216667,41.050000,36.850000,34.316667,38.200000,39.883333,42.416667,38.233333,37.416667,38.250000,34.566667,37.716667,22.966667,41.600000,37.116667,36.783333,36.716667,39.033333,37.200000,39.850000,45.183333,40.333333,38.750000,47.033333,46.083333,46.750000,43.100000,32.166667,33.316667
2013-01-08 17:05:00.0,37.733333,40.133333,36.850000,36.883333,34.250000,35.683333,33.500000,36.766667,35.650000,34.150000,35.200000,38.266667,36.700000,36.083333,39.066667,33.600000,34.316667,33.316667,35.966667,34.416667,35.050000,34.666667,37.800000,41.000000,42.083333,37.033333,34.066667,40.100000,40.583333,40.483333,37.700000,35.400000,36.083333,34.516667,36.900000,21.933333,44.750000,40.733333,38.750000,39.150000,38.700000,37.916667,40.066667,41.566667,39.666667,42.300000,45.150000,48.783333,47.300000,43.516667,32.350000,33.650000
2013-01-08 17:10:00.0,38.016667,40.416667,36.983333,37.716667,34.483333,35.766667,34.150000,36.383333,35.816667,35.716667,35.566667,37.016667,36.583333,36.683333,36.283333,33.666667,33.700000,33.700000,36.550000,36.150000,34.866667,36.283333,41.083333,39.566667,41.883333,36.150000,34.050000,41.166667,37.716667,39.683333,37.950000,36.033333,36.983333,35.700000,36.483333,21.450000,43.400000,40.133333,35.000000,38.616667,40.400000,38.516667,42.383333,40.083333,38.783333,48.583333,47.483333,49.383333,49.216667,42.150000,32.500000,33.250000
2013-01-08 17:15:00.0,38.300000,40.766667,37.500000,38.550000,34.133333,35.883333,35.200000,35.883333,35.683333,34.450000,36.950000,36.900000,36.483333,36.083333,37.483333,33.400000,34.983333,33.050000,36.800000,35.233333,33.783333,38.450000,41.033333,41.633333,41.716667,36.600000,34.366667,40.416667,41.366667,42.550000,36.533333,36.650000,36.500000,35.400000,37.816667,20.366667,42.883333,37.150000,34.566667,35.433333,38.933333,37.783333,40.850000,41.216667,40.900000,50.733333,44.483333,49.866667,45.566667,40.966667,32.266667,33.416667
2013-01-08 17:20:00.0,38.100000,42.216667,37.350000,38.200000,33.800000,35.733333,37.033333,36.100000,35.683333,33.900000,35.100000,36.850000,36.800000,36.850000,37.633333,34.016667,33.666667,33.583333,35.533333,33.416667,34.333333,37.516667,41.300000,40.683333,40.800000,36.616667,34.333333,39.116667,39.450000,42.233333,35.950000,37.683333,37.516667,35.033333,38.383333,20.866667,42.983333,37.133333,35.500000,33.650000,38.000000,36.183333,39.716667,42.683333,41.250000,49.416667,45.833333,43.983333,50.016667,42.483333,32.483333,33.466667
2013-01-08 17:25:00.0,37.516667,41.500000,37.516667,37.683333,34.016667,36.250000,36.583333,35.900000,36.050000,33.800000,34.100000,37.916667,36.566667,36.600000,37.166667,34.550000,33.216667,33.933333,35.566667,33.350000,35.166667,33.633333,42.183333,38.116667,42.966667,34.766667,33.850000,39.350000,36.600000,40.900000,36.516667,36.150000,37.950000,35.550000,38.283333,20.766667,38.666667,37.416667,35.383333,33.516667,35.816667,35.833333,41.050000,45.633333,43.266667,43.516667,49.000000,41.883333,48.016667,41.366667,33.383333,32.166667
2013-01-08 17:30:00.0,37.233333,41.116667,37.450000,37.900000,34.133333,36.116667,37.033333,36.883333,36.150000,33.600000,33.800000,36.583333,36.550000,35.583333,36.533333,33.533333,33.333333,35.633333,37.666667,35.066667,33.966667,35.250000,40.966667,38.383333,44.233333,34.466667,33.800000,37.683333,39.116667,38.733333,36.083333,34.733333,38.050000,36.250000,40.233333,21.316667,38.950000,36.816667,34.366667,37.450000,38.083333,36.083333,38.900000,44.633333,39.766667,44.433333,48.350000,42.783333,46.300000,40.250000,32.950000,32.483333
2013-01-08 17:35:00.0,36.666667,39.716667,37.350000,37.716667,34.333333,34.766667,36.883333,36.083333,36.283333,33.916667,33.633333,36.716667,36.900000,36.583333,37.700000,33.200000,33.516667,35.350000,36.833333,35.066667,34.183333,35.033333,41.100000,36.016667,41.366667,34.783333,33.800000,38.583333,39.716667,41.033333,35.666667,35.133333,37.700000,34.266667,38.183333,20.416667,39.666667,37.250000,33.633333,35.116667,34.750000,34.550000,39.300000,43.500000,38.700000,42.983333,44.116667,43.383333,44.400000,42.283333,32.916667,33.083333
2013-01-08 17:40:00.0,37.466667,39.816667,37.366667,37.900000,34.583333,33.566667,36.366667,34.683333,35.766667,33.883333,33.766667,36.383333,36.966667,35.416667,36.150000,34.200000,34.316667,33.933333,37.066667,35.366667,35.150000,36.416667,41.300000,35.550000,39.950000,34.666667,33.816667,39.216667,40.500000,39.683333,36.983333,36.850000,37.400000,34.533333,38.766667,19.383333,40.883333,37.633333,34.133333,34.416667,35.016667,34.983333,39.016667,42.950000,36.650000,40.433333,43.233333,42.866667,46.150000,41.183333,32.633333,32.150000
2013-01-08 17:45:00.0,37.700000,39.233333,37.233333,38.066667,34.216667,33.116667,36.866667,34.950000,36.033333,33.450000,33.933333,36.716667,37.266667,35.766667,35.183333,34.983333,33.900000,34.500000,36.400000,35.750000,35.333333,36.633333,38.783333,36.800000,38.500000,34.550000,34.650000,38.216667,39.433333,37.100000,36.500000,35.633333,36.750000,33.633333,37.600000,19.066667,37.616667,35.766667,33.616667,34.900000,35.966667,34.083333,37.933333,44.083333,38.033333,39.983333,44.666667,42.100000,44.316667,40.116667,32.400000,32.033333
2013-01-08 17:50:00.0,38.700000,38.433333,37.283333,38.116667,34.483333,33.183333,37.033333,35.116667,35.883333,33.850000,33.616667,36.483333,37.266667,35.950000,36.733333,36.133333,32.700000,34.383333,36.033333,35.816667,35.250000,37.550000,36.666667,36.366667,38.266667,34.466667,35.450000,40.416667,39.600000,38.433333,37.250000,35.700000,36.983333,34.900000,37.566667,18.850000,36.866667,36.750000,33.616667,36.600000,35.666667,36.300000,37.483333,42.900000,37.883333,38.783333,43.983333,42.450000,43.150000,40.516667,32.566667,32.816667
2013-01-08 17:55:00.0,37.133333,37.800000,36.100000,37.116667,35.200000,33.050000,36.350000,35.116667,35.750000,33.516667,33.283333,36.283333,37.533333,36.300000,33.233333,34.233333,34.850000,34.083333,35.383333,35.300000,35.566667,35.100000,36.633333,37.050000,37.466667,34.666667,34.233333,37.533333,39.516667,38.266667,36.516667,35.700000,37.233333,35.016667,39.133333,19.116667,37.066667,35.933333,33.933333,37.500000,35.250000,35.133333,37.983333,41.983333,40.100000,38.583333,46.483333,43.550000,43.950000,41.683333,32.200000,32.533333
